{
  "accuracy": 0.1717171717171717,
  "f1_micro": 0.6403712296983758,
  "precision_micro": 0.5822784810126582,
  "recall_micro": 0.711340206185567,
  "f1_macro": 0.589176133166771,
  "accuracy_Capacity and Resources": 0.8686868686868687,
  "f1_Capacity and Resources": 0.38095238095238093,
  "precision_Capacity and Resources": 0.2857142857142857,
  "recall_Capacity and Resources": 0.5714285714285714,
  "accuracy_Crime and Punishment": 0.9292929292929293,
  "f1_Crime and Punishment": 0.588235294117647,
  "precision_Crime and Punishment": 0.5,
  "recall_Crime and Punishment": 0.7142857142857143,
  "accuracy_Cultural Identity": 0.8181818181818182,
  "f1_Cultural Identity": 0.7096774193548386,
  "precision_Cultural Identity": 0.6470588235294118,
  "recall_Cultural Identity": 0.7857142857142857,
  "accuracy_Economic": 0.9090909090909091,
  "f1_Economic": 0.7272727272727273,
  "precision_Economic": 0.5714285714285714,
  "recall_Economic": 1.0,
  "accuracy_External Regulation and Reputation": 0.9595959595959596,
  "f1_External Regulation and Reputation": 0.3333333333333333,
  "precision_External Regulation and Reputation": 0.3333333333333333,
  "recall_External Regulation and Reputation": 0.3333333333333333,
  "accuracy_Fairness and Equality": 0.898989898989899,
  "f1_Fairness and Equality": 0.6666666666666667,
  "precision_Fairness and Equality": 0.8333333333333334,
  "recall_Fairness and Equality": 0.5555555555555556,
  "accuracy_Health and Safety": 0.9393939393939394,
  "f1_Health and Safety": 0.7500000000000001,
  "precision_Health and Safety": 0.6923076923076923,
  "recall_Health and Safety": 0.8181818181818182,
  "accuracy_Legality / Jurisprudence": 0.8787878787878788,
  "f1_Legality / Jurisprudence": 0.6666666666666666,
  "precision_Legality / Jurisprudence": 0.5714285714285714,
  "recall_Legality / Jurisprudence": 0.8,
  "accuracy_Morality": 0.8383838383838383,
  "f1_Morality": 0.6521739130434783,
  "precision_Morality": 0.7894736842105263,
  "recall_Morality": 0.5555555555555556,
  "accuracy_Policy Prescription and Evaluation": 0.8686868686868687,
  "f1_Policy Prescription and Evaluation": 0.606060606060606,
  "precision_Policy Prescription and Evaluation": 0.5555555555555556,
  "recall_Policy Prescription and Evaluation": 0.6666666666666666,
  "accuracy_Political": 0.8787878787878788,
  "f1_Political": 0.5714285714285715,
  "precision_Political": 0.4,
  "recall_Political": 1.0,
  "accuracy_Public Opinion": 0.8686868686868687,
  "f1_Public Opinion": 0.6976744186046512,
  "precision_Public Opinion": 0.6,
  "recall_Public Opinion": 0.8333333333333334,
  "accuracy_Quality of Life": 0.898989898989899,
  "f1_Quality of Life": 0.6875,
  "precision_Quality of Life": 0.5789473684210527,
  "recall_Quality of Life": 0.8461538461538461,
  "accuracy_Security and Defense": 0.9595959595959596,
  "f1_Security and Defense": 0.6,
  "precision_Security and Defense": 0.42857142857142855,
  "recall_Security and Defense": 1.0,
  "accuracy_Other": 0.9191919191919192,
  "f1_Other": 0.19999999999999998,
  "precision_Other": 1.0,
  "recall_Other": 0.1111111111111111,
  "avg_predicted_frames_per_comment": 2.393939393939394,
  "avg_gold_frames_per_comment": 1.9595959595959596
}